[
  {
    "Address": 270,
    "Variables": "ABC",
    "Signal": "ABC",
    "Range": "R(1,9999.9,0.1,'%.1f')",
    "Default": 0,
    "Scaling": "32.767/V",
    "EEPROM": "Y",
    "Security": "High",
    "Rate": 0
  },
  {
    "Address": 276,
    "Variables": "ABC",
    "Signal": "ABC",
    "Range": "R(1,9999.9,0.1,'%.1f')",
    "Default": 0,
    "Scaling": "32.767/V",
    "EEPROM": "Y",
    "Security": "High",
    "Rate": 0
  },
  {
    "Address": 284,
    "Variables": "ABC",
    "Signal": "ABC",
    "Range": "R(1,9999.9,0.1,'%.1f')",
    "Default": 0,
    "Scaling": "32.767/V",
    "EEPROM": "Y",
    "Security": "High",
    "Rate": 0
  },
  {
    "Address": 291,
    "Variables": "ABC",
    "Signal": "ABC",
    "Range": "R(1,9999.9,0.1,'%.1f')",
    "Default": 0,
    "Scaling": "32.767/V",
    "EEPROM": "Y",
    "Security": "High",
    "Rate": 0
  },
  {
    "Address": 271,
    "Variables": "ABC",
    "Signal": "ABC",
    "Range": "R(1,9999.9,0.1,'%.1f')",
    "Default": 0,
    "Scaling": "32.767/V",
    "EEPROM": "Y",
    "Security": "High",
    "Rate": 0
  },
  {
    "Address": 277,
    "Variables": "ABC",
    "Signal": "ABC",
    "Range": "R(1,9999.9,0.1,'%.1f')",
    "Default": 0,
    "Scaling": "32.767/V",
    "EEPROM": "Y",
    "Security": "High",
    "Rate": 0
  }

]
