[
    {
        "Address": "AC Settings Grid Mode",
        "Default": "",
        "EEPROM": "",
        "Range": "",
        "Rate": "",
        "Scaling": "",
        "Security": "",
        "Signal": "",
        "Variables": ""
    },
    {
        "Address": "1062",
        "Default": "304.7",
        "EEPROM": "Y",
        "Range": "R(294,304.7,0.1,'%.1f V')",
        "Rate": "0",
        "Scaling": "32.767/V",
        "Security": "High",
        "Signal": "Grid Over Voltage Limit 1",
        "Variables": "ov_limit1_value"
    },
    {
        "Address": "1063",
        "Default": "321.3",
        "EEPROM": "Y",
        "Range": "R(304.7,335.0,0.1,'%.1f V')",
        "Rate": "0",
        "Scaling": "32.767/V",
        "Security": "High",
        "Signal": "Grid Over Voltage Limit 2",
        "Variables": "ov_limit2_value"
    },
    {
        "Address": "1064",
        "Default": "243.8",
        "EEPROM": "Y",
        "Range": "R(243.8,263.2,0.1,'%.1f V')",
        "Rate": "0",
        "Scaling": "32.767/V",
        "Security": "High",
        "Signal": "Grid Under Voltage Limit 1",
        "Variables": "uv_limit1_value"
    },
    {
        "Address": "1065",
        "Default": "138.5",
        "EEPROM": "Y",
        "Range": "R(138.5,243.8,0.1,'%.1f V')",
        "Rate": "0",
        "Scaling": "32.767/V",
        "Security": "High",
        "Signal": "Grid Under Voltage Limit 2",
        "Variables": "uv_limit2_value"
    },
    {
        "Address": "1066",
        "Default": "60.5",
        "EEPROM": "Y",
        "Range": "R(60.0,60.5,0.1,'%d Hz')",
        "Rate": "0",
        "Scaling": "65.535/Hz",
        "Security": "High",
        "Signal": "Grid Over Frequency Limit 1",
        "Variables": "of_limit1_value"
    },
    {
        "Address": "1067",
        "Default": "59.3",
        "EEPROM": "Y",
        "Range": "R(59.3,60.0,0.1,'%d Hz')",
        "Rate": "0",
        "Scaling": "65.535/Hz",
        "Security": "High",
        "Signal": "Grid Under Frequency Limit 1",
        "Variables": "uf_limit1_value"
    },
    {
        "Address": "1068",
        "Default": "56",
        "EEPROM": "Y",
        "Range": "R(56,60,0.1,'%d Hz')",
        "Rate": "0",
        "Scaling": "65.535/Hz",
        "Security": "High",
        "Signal": "Grid Under Frequency Limit 2",
        "Variables": "uf_limit2_value"
    },
    {
        "Address": "1069",
        "Default": "1900",
        "EEPROM": "Y",
        "Range": "R(30,1900,1,'%d mS')",
        "Rate": "0",
        "Scaling": "1",
        "Security": "High",
        "Signal": "Over Voltage Trip Timing 1",
        "Variables": "ov_tt_condn1_value"
    },
    {
        "Address": "AC Settings Grid Mode",
        "Default": "",
        "EEPROM": "",
        "Range": "",
        "Rate": "",
        "Scaling": "",
        "Security": "",
        "Signal": "",
        "Variables": ""
    },
    {
        "Address": "1070",
        "Default": "140",
        "EEPROM": "Y",
        "Range": "R(30,160,1,'%d mS')",
        "Rate": "0",
        "Scaling": "1",
        "Security": "High",
        "Signal": "Over Voltage Trip Timing 2",
        "Variables": "ov_tt_condn2_value"
    },
    {
        "Address": "1071",
        "Default": "1900",
        "EEPROM": "Y",
        "Range": "R(30,1900,1,'%d mS')",
        "Rate": "0",
        "Scaling": "1",
        "Security": "High",
        "Signal": "Under  Voltage Trip Timing 1",
        "Variables": "uv_tt_condn1_value"
    },
    {
        "Address": "1072",
        "Default": "140",
        "EEPROM": "Y",
        "Range": "R(30,160,1,'%d mS')",
        "Rate": "0",
        "Scaling": "1",
        "Security": "High",
        "Signal": "Under  Voltage Trip Timing 2",
        "Variables": "uv_tt_condn2_value"
    },
    {
        "Address": "1073",
        "Default": "140",
        "EEPROM": "Y",
        "Range": "R(30,160,1,'%d mS')",
        "Rate": "0",
        "Scaling": "1",
        "Security": "High",
        "Signal": "Over Frequency Trip Timing",
        "Variables": "of_tt_condn1_value"
    },
    {
        "Address": "1074",
        "Default": "140",
        "EEPROM": "Y",
        "Range": "R(10,30000,10,'%d mS')",
        "Rate": "0",
        "Scaling": "1",
        "Security": "High",
        "Signal": "Under Frequency Trip Timing  1",
        "Variables": "uf_tt_condn1_value"
    },
    {
        "Address": "1075",
        "Default": "60",
        "EEPROM": "Y",
        "Range": "R(10,100,1,'%d mS')",
        "Rate": "0",
        "Scaling": "1",
        "Security": "High",
        "Signal": "Under Frequency Trip Timing 2",
        "Variables": "uf_tt_condn2_value"
    },
    {
        "Address": "1076",
        "Default": "500",
        "EEPROM": "N",
        "Range": "R(1,300,1,'%d S')",
        "Rate": "0",
        "Scaling": "100/1s",
        "Security": "High",
        "Signal": "Inverter Reconnect Time",
        "Variables": "K_inverter_powerup_delay"
    },
    {
        "Address": "1077",
        "Default": "0",
        "EEPROM": "N",
        "Range": "Pwr_Factor()",
        "Rate": "0",
        "Scaling": "1",
        "Security": "High",
        "Signal": "Power factor command",
        "Variables": "power_factor_offset_command"
    },
    {
        "Address": "AC Settings Standalone Mode",
        "Default": "",
        "EEPROM": "",
        "Range": "",
        "Rate": "",
        "Scaling": "",
        "Security": "",
        "Signal": "",
        "Variables": ""
    },
    {
        "Address": "1078",
        "Default": "304.7",
        "EEPROM": "Y",
        "Range": "R(294,304.7,0.1,'%.1f V')",
        "Rate": "0",
        "Scaling": "32.767/V",
        "Security": "High",
        "Signal": "Grid Over Voltage Limit 1 ",
        "Variables": "K_ov_sa"
    },
    {
        "Address": "1079",
        "Default": "60.5",
        "EEPROM": "Y",
        "Range": "R(60.0,60.5,0.1,'%d Hz')",
        "Rate": "0",
        "Scaling": "65.535/Hz",
        "Security": "High",
        "Signal": "Grid Over Frequency Limit 1",
        "Variables": "K_of_sa"
    },
    {
        "Address": "1080",
        "Default": "243.8",
        "EEPROM": "Y",
        "Range": "R(243.8,263.2,0.1,'%.1f V')",
        "Rate": "0",
        "Scaling": "32.767/V",
        "Security": "High",
        "Signal": "Grid Under Voltage Limit 1",
        "Variables": "K_uv_sa"
    },
    {
        "Address": "1081",
        "Default": "59.3",
        "EEPROM": "Y",
        "Range": "R(59.3,60.0,0.1,'%d Hz')",
        "Rate": "0",
        "Scaling": "65.535/Hz",
        "Security": "High",
        "Signal": "Grid Under Frequency Limit 1 ",
        "Variables": "K_uf_sa"
    },
    {
        "Address": "1082",
        "Default": "1900",
        "EEPROM": "Y",
        "Range": "R(30,1900,1,'%d mS')",
        "Rate": "0",
        "Scaling": "1",
        "Security": "High",
        "Signal": "Under Voltage Trip Timings 1",
        "Variables": "K_uv_tt"
    },
    {
        "Address": "1083",
        "Default": "1900",
        "EEPROM": "Y",
        "Range": "R(30,1900,1,'%d mS')",
        "Rate": "0",
        "Scaling": "1",
        "Security": "High",
        "Signal": "Over Voltage Trip Timings 1",
        "Variables": "K_ov_tt"
    },
    {
        "Address": "1084",
        "Default": "140",
        "EEPROM": "Y",
        "Range": "R(30,160,1,'%d mS')",
        "Rate": "0",
        "Scaling": "1",
        "Security": "High",
        "Signal": "Over Frequency Trip Timing1",
        "Variables": "K_of_tt"
    },
    {
        "Address": "1085",
        "Default": "140",
        "EEPROM": "Y",
        "Range": "R(10,30000,10,'%d mS')",
        "Rate": "0",
        "Scaling": "1",
        "Security": "High",
        "Signal": "Under Frequency Trip Timing 1",
        "Variables": "K_uf_tt"
    },
    {
        "Address": "AC Settings Standalone Mode",
        "Default": "",
        "EEPROM": "",
        "Range": "",
        "Rate": "",
        "Scaling": "",
        "Security": "",
        "Signal": "",
        "Variables": ""
    },
    {
        "Address": "1086",
        "Default": "150",
        "EEPROM": "Y",
        "Range": "R(100,175,1,'%d A')",
        "Rate": "0",
        "Scaling": "52.094/A",
        "Security": "High",
        "Signal": "Current Limit Setpoint",
        "Variables": "K_cur_limit"
    }
]
