[
    {
        "Address": "DC Settings 1",
        "Default": "",
        "EEPROM": "",
        "Range": "",
        "Rate": "",
        "Scaling": "",
        "Security": "",
        "Signal": "",
        "Variables": ""
    },
    {
        "Address": "1042",
        "Default": "0",
        "EEPROM": "N",
        "Range": "L('|','=','Off=0|Constant Power=1|Current=2|Resistance=3|Constant Voltage=4')",
        "Rate": "0",
        "Scaling": "",
        "Security": "High",
        "Signal": "Op Mode",
        "Variables": "K_op_mode[0]"
    },
    {
        "Address": "1043",
        "Default": "",
        "EEPROM": "N",
        "Range": "Op_Mod_Set()",
        "Rate": "0",
        "Scaling": "",
        "Security": "High",
        "Signal": "Op Mode Setpoints",
        "Variables": "max_power_command[0]"
    },
    {
        "Address": "1044",
        "Default": "800",
        "EEPROM": "Y",
        "Range": "R(-400,800,1,'%.1f V')",
        "Rate": "0",
        "Scaling": "32.767/V",
        "Security": "High",
        "Signal": "Battery Voltage Max",
        "Variables": "bat_max_volt[0]"
    },
    {
        "Address": "1045",
        "Default": "270",
        "EEPROM": "Y",
        "Range": "R(270,400,1,'%.1f V')",
        "Rate": "0",
        "Scaling": "32.767/V",
        "Security": "High",
        "Signal": "Battery  Voltage Min",
        "Variables": "bat_min_volt[0]"
    },
    {
        "Address": "1046",
        "Default": "200",
        "EEPROM": "Y",
        "Range": "Bat_Max_Chg_Cur()",
        "Rate": "0",
        "Scaling": "52.094/A",
        "Security": "High",
        "Signal": "Battery Max Charge Current",
        "Variables": "bat_max_chrg_crt[0]"
    },
    {
        "Address": "1047",
        "Default": "-200",
        "EEPROM": "Y",
        "Range": "Bat_Max_Dchg_Cur()",
        "Rate": "0",
        "Scaling": "52.094/A",
        "Security": "High",
        "Signal": "Battery Max Discharge Current",
        "Variables": "bat_max_dischrg_crt[0]"
    },
    {
        "Address": "1048",
        "Default": "1",
        "EEPROM": "Y",
        "Range": "Bat_Max_Chg_Pwr()",
        "Rate": "0",
        "Scaling": " 218.44/kW",
        "Security": "High",
        "Signal": "Battery Max Charge Power",
        "Variables": "bat_max_chrg_power[0]"
    },
    {
        "Address": "1049",
        "Default": "-1",
        "EEPROM": "Y",
        "Range": "Bat_Max_Dchg_Pwr()",
        "Rate": "0",
        "Scaling": " 218.44/kW",
        "Security": "High",
        "Signal": "Battery Max Discharge Power",
        "Variables": "bat_max_dischrg_power[0]"
    },
    {
        "Address": "DC Settings 1",
        "Default": "",
        "EEPROM": "",
        "Range": "",
        "Rate": "",
        "Scaling": "",
        "Security": "",
        "Signal": "",
        "Variables": ""
    },
    {
        "Address": "1050",
        "Default": "100",
        "EEPROM": "Y",
        "Range": "R(50,5000,1,'%d mS',0.001)",
        "Rate": "0",
        "Scaling": "100/1s",
        "Security": "High",
        "Signal": "MPPT Speed",
        "Variables": "pv_mppt_speed[0]"
    },
    {
        "Address": "1051",
        "Default": "310",
        "EEPROM": "Y",
        "Range": "R(300,400,0.1,'%.1f V')",
        "Rate": "0",
        "Scaling": "32.767/V",
        "Security": "High",
        "Signal": "Wake-up Voltage",
        "Variables": "pv_wkup_volt[0]"
    },
    {
        "Address": "DC Settings 2",
        "Default": "",
        "EEPROM": "",
        "Range": "",
        "Rate": "",
        "Scaling": "",
        "Security": "",
        "Signal": "",
        "Variables": ""
    },
    {
        "Address": "1052",
        "Default": "0",
        "EEPROM": "N",
        "Range": "L('|','=','Off=0|Constant Power=1|Current=2|Resistance=3|Constant Voltage=4')",
        "Rate": "0",
        "Scaling": "",
        "Security": "High",
        "Signal": "Op Mode",
        "Variables": "K_op_mode[1]"
    },
    {
        "Address": "1053",
        "Default": "",
        "EEPROM": "N",
        "Range": "Op_Mod_Set()",
        "Rate": "0",
        "Scaling": "",
        "Security": "High",
        "Signal": "Op mode Setpoints",
        "Variables": "max_power_command[1]"
    },
    {
        "Address": "1054",
        "Default": "800",
        "EEPROM": "Y",
        "Range": "R(400,800,0.1,'%.1f V')",
        "Rate": "0",
        "Scaling": "32.767/V",
        "Security": "High",
        "Signal": "Battery voltage max",
        "Variables": "bat_max_volt[1]"
    },
    {
        "Address": "1055",
        "Default": "270",
        "EEPROM": "Y",
        "Range": "R(270,400,1,'%.1f V')",
        "Rate": "0",
        "Scaling": "32.767/V",
        "Security": "High",
        "Signal": "Battery  voltage min",
        "Variables": "bat_min_volt[1]"
    },
    {
        "Address": "1056",
        "Default": "200",
        "EEPROM": "Y",
        "Range": "Bat_Max_Chg_Cur()",
        "Rate": "0",
        "Scaling": "52.094/A",
        "Security": "High",
        "Signal": "Battery Max charge current",
        "Variables": "bat_max_chrg_crt[1]"
    },
    {
        "Address": "DC Settings 2",
        "Default": "",
        "EEPROM": "",
        "Range": "",
        "Rate": "",
        "Scaling": "",
        "Security": "",
        "Signal": "",
        "Variables": ""
    },
    {
        "Address": "1057",
        "Default": "-200",
        "EEPROM": "Y",
        "Range": "Bat_Max_Dchg_Cur()",
        "Rate": "0",
        "Scaling": "52.094/A",
        "Security": "High",
        "Signal": "Battery Max discharge current",
        "Variables": "bat_max_dischrg_crt[1]"
    },
    {
        "Address": "1058",
        "Default": "1",
        "EEPROM": "Y",
        "Range": "Bat_Max_Chg_Pwr()",
        "Rate": "0",
        "Scaling": " 218.44/kW",
        "Security": "High",
        "Signal": "Battery Max charge power",
        "Variables": "bat_max_chrg_power[1]"
    },
    {
        "Address": "1059",
        "Default": "-1",
        "EEPROM": "Y",
        "Range": "Bat_Max_Dchg_Pwr()",
        "Rate": "0",
        "Scaling": " 218.44/kW",
        "Security": "High",
        "Signal": "Battery Max discharge power",
        "Variables": "bat_max_dischrg_power[1]"
    },
    {
        "Address": "1060",
        "Default": "100",
        "EEPROM": "Y",
        "Range": "R(50,5000,10,'%d mS',0.001)",
        "Rate": "0",
        "Scaling": "100/1s",
        "Security": "High",
        "Signal": "MPPT speed",
        "Variables": "pv_mppt_speed[1]"
    },
    {
        "Address": "1061",
        "Default": "310",
        "EEPROM": "Y",
        "Range": "R(300,400,0.1,'%.1f V')",
        "Rate": "0",
        "Scaling": "32.767/V",
        "Security": "High",
        "Signal": "Wake up voltage",
        "Variables": "pv_wkup_volt[1]"
    }
]
