[
    {
        "Address": "Grid AC Status - Accurate (Cumulative)",
        "Default": "",
        "EEPROM": "",
        "Range": "",
        "Rate": "",
        "Scaling": "",
        "Security": "",
        "Signal": "",
        "Variables": ""
    },
    {
        "Address": "?",
        "Default": "",
        "EEPROM": "",
        "Range": "",
        "Rate": "2000",
        "Scaling": "",
        "Security": "",
        "Signal": "AC frequency",
        "Variables": "From Shark meter"
    },
    {
        "Address": "?",
        "Default": "",
        "EEPROM": "",
        "Range": "",
        "Rate": "2000",
        "Scaling": "",
        "Security": "",
        "Signal": "Grid side Phase voltages",
        "Variables": "From Shark meter"
    },
    {
        "Address": "?",
        "Default": "",
        "EEPROM": "",
        "Range": "",
        "Rate": "2000",
        "Scaling": "",
        "Security": "",
        "Signal": "Grid phase Currents (Ian, Ibn, Icn)",
        "Variables": "From Shark meter"
    },
    {
        "Address": "?",
        "Default": "",
        "EEPROM": "",
        "Range": "",
        "Rate": "2000",
        "Scaling": "",
        "Security": "",
        "Signal": "Power factor",
        "Variables": "From Shark meter"
    },
    {
        "Address": " Internal Measurements",
        "Default": "",
        "EEPROM": "",
        "Range": "",
        "Rate": "",
        "Scaling": "",
        "Security": "",
        "Signal": "",
        "Variables": ""
    },
    {
        "Address": "278",
        "Default": "",
        "EEPROM": "",
        "Range": "R(_,_,_,'%.1f V')",
        "Rate": "2000",
        "Scaling": "65.534/V",
        "Security": "",
        "Signal": "Phase Voltage A - Unit 1",
        "Variables": "pha_load_volt_rms[0]"
    },
    {
        "Address": "279",
        "Default": "",
        "EEPROM": "",
        "Range": "R(_,_,_,'%.1f V')",
        "Rate": "2000",
        "Scaling": "65.534/V",
        "Security": "",
        "Signal": "Phase Voltage B - Unit 1",
        "Variables": "phb_load_volt_rms[0]"
    },
    {
        "Address": "280",
        "Default": "",
        "EEPROM": "",
        "Range": "R(_,_,_,'%.1f V')",
        "Rate": "2000",
        "Scaling": "65.534/V",
        "Security": "",
        "Signal": "Phase Voltage C - Unit 1",
        "Variables": "phc_load_volt_rms[0]"
    },
    {
        "Address": " Internal Measurements",
        "Default": "",
        "EEPROM": "",
        "Range": "",
        "Rate": "",
        "Scaling": "",
        "Security": "",
        "Signal": "",
        "Variables": ""
    },
    {
        "Address": "281",
        "Default": "",
        "EEPROM": "",
        "Range": "R(_,_,_,'%.1f V')",
        "Rate": "2000",
        "Scaling": "52.094/A",
        "Security": "",
        "Signal": "Phase Current A - Unit 1",
        "Variables": "pha_load_crnt_rms[0]"
    },
    {
        "Address": "282",
        "Default": "",
        "EEPROM": "",
        "Range": "R(_,_,_,'%.1f V')",
        "Rate": "2000",
        "Scaling": "52.094/A",
        "Security": "",
        "Signal": "Phase Current B - Unit 1",
        "Variables": "phb_load_crnt_rms[0]"
    },
    {
        "Address": "283",
        "Default": "",
        "EEPROM": "",
        "Range": "R(_,_,_,'%.1f V')",
        "Rate": "2000",
        "Scaling": "52.094/A",
        "Security": "",
        "Signal": "Phase Current C - Unit 1",
        "Variables": "phc_load_crnt_rms[0]"
    },
    {
        "Address": "284",
        "Default": "",
        "EEPROM": "",
        "Range": "R(_,_,_,'%.1f V')",
        "Rate": "2000",
        "Scaling": "218.44/KW",
        "Security": "",
        "Signal": "Total Power - Unit 1",
        "Variables": "act_total_load_pwr_out[0]"
    },
    {
        "Address": "285",
        "Default": "",
        "EEPROM": "",
        "Range": "R(_,_,_,'%.1f V')",
        "Rate": "2000",
        "Scaling": "65.534/V",
        "Security": "",
        "Signal": "Phase Voltage A - Unit 2",
        "Variables": "pha_load_volt_rms[1]"
    },
    {
        "Address": "286",
        "Default": "",
        "EEPROM": "",
        "Range": "R(_,_,_,'%.1f V')",
        "Rate": "2000",
        "Scaling": "65.534/V",
        "Security": "",
        "Signal": "Phase Voltage B - Unit 2",
        "Variables": "phb_load_volt_rms[1]"
    },
    {
        "Address": "287",
        "Default": "",
        "EEPROM": "",
        "Range": "R(_,_,_,'%.1f V')",
        "Rate": "2000",
        "Scaling": "65.534/V",
        "Security": "",
        "Signal": "Phase Voltage C - Unit 2",
        "Variables": "phc_load_volt_rms[1]"
    },
    {
        "Address": "288",
        "Default": "",
        "EEPROM": "",
        "Range": "R(_,_,_,'%.1f V')",
        "Rate": "2000",
        "Scaling": "52.094/A",
        "Security": "",
        "Signal": "Phase Current A - Unit 2",
        "Variables": "pha_load_crnt_rms[1]"
    },
    {
        "Address": " Internal Measurements",
        "Default": "",
        "EEPROM": "",
        "Range": "",
        "Rate": "",
        "Scaling": "",
        "Security": "",
        "Signal": "",
        "Variables": ""
    },
    {
        "Address": "289",
        "Default": "",
        "EEPROM": "",
        "Range": "R(_,_,_,'%.1f V')",
        "Rate": "2000",
        "Scaling": "52.094/A",
        "Security": "",
        "Signal": "Phase Current B - Unit 2",
        "Variables": "phb_load_crnt_rms[1]"
    },
    {
        "Address": "290",
        "Default": "",
        "EEPROM": "",
        "Range": "R(_,_,_,'%.1f V')",
        "Rate": "2000",
        "Scaling": "52.094/A",
        "Security": "",
        "Signal": "Phase Current C - Unit 2",
        "Variables": "phc_load_crnt_rms[1]"
    },
    {
        "Address": "291",
        "Default": "",
        "EEPROM": "",
        "Range": "R(_,_,_,'%.1f V')",
        "Rate": "2000",
        "Scaling": "218.44/KW",
        "Security": "",
        "Signal": "Total Power - Unit 2",
        "Variables": "act_total_load_pwr_out[1]"
    },
    {
        "Address": "Inverter Side AC Status In Standalone Mode",
        "Default": "",
        "EEPROM": "",
        "Range": "",
        "Rate": "",
        "Scaling": "",
        "Security": "",
        "Signal": "",
        "Variables": ""
    },
    {
        "Address": "292",
        "Default": "",
        "EEPROM": "",
        "Range": "R(_,_,_,'%.1f V')",
        "Rate": "2000",
        "Scaling": "65.534/V",
        "Security": "",
        "Signal": "Phase Voltage A - Unit 1",
        "Variables": "pha_load_volt_rms[0]"
    },
    {
        "Address": "293",
        "Default": "",
        "EEPROM": "",
        "Range": "R(_,_,_,'%.1f V')",
        "Rate": "2000",
        "Scaling": "65.534/V",
        "Security": "",
        "Signal": "Phase Voltage B - Unit 1",
        "Variables": "phb_load_volt_rms[0]"
    },
    {
        "Address": "294",
        "Default": "",
        "EEPROM": "",
        "Range": "R(_,_,_,'%.1f V')",
        "Rate": "2000",
        "Scaling": "65.534/V",
        "Security": "",
        "Signal": "Phase Voltage C - Unit 1",
        "Variables": "phc_load_volt_rms[0]"
    },
    {
        "Address": "295",
        "Default": "",
        "EEPROM": "",
        "Range": "R(_,_,_,'%.1f V')",
        "Rate": "2000",
        "Scaling": "52.094/A",
        "Security": "",
        "Signal": "Phase Current A - Unit 1",
        "Variables": "pha_load_crnt_rms[0]"
    },
    {
        "Address": "Inverter Side AC Status In Standalone Mode",
        "Default": "",
        "EEPROM": "",
        "Range": "",
        "Rate": "",
        "Scaling": "",
        "Security": "",
        "Signal": "",
        "Variables": ""
    },
    {
        "Address": "296",
        "Default": "",
        "EEPROM": "",
        "Range": "R(_,_,_,'%.1f V')",
        "Rate": "2000",
        "Scaling": "52.094/A",
        "Security": "",
        "Signal": "Phase Current B - Unit 1",
        "Variables": "phb_load_crnt_rms[0]"
    },
    {
        "Address": "297",
        "Default": "",
        "EEPROM": "",
        "Range": "R(_,_,_,'%.1f V')",
        "Rate": "2000",
        "Scaling": "52.094/A",
        "Security": "",
        "Signal": "Phase Current C - Unit 1",
        "Variables": "phc_load_crnt_rms[0]"
    },
    {
        "Address": "298",
        "Default": "",
        "EEPROM": "",
        "Range": "R(_,_,_,'%.1f V')",
        "Rate": "2000",
        "Scaling": "218.44/KW",
        "Security": "",
        "Signal": "Total Power - Unit 1",
        "Variables": "act_total_load_pwr_out[0]"
    },
    {
        "Address": "299",
        "Default": "",
        "EEPROM": "",
        "Range": "R(_,_,_,'%.1f V')",
        "Rate": "2000",
        "Scaling": "65.534/V",
        "Security": "",
        "Signal": "Phase Voltage A - Unit 2",
        "Variables": "pha_load_volt_rms[1]"
    },
    {
        "Address": "300",
        "Default": "",
        "EEPROM": "",
        "Range": "R(_,_,_,'%.1f V')",
        "Rate": "2000",
        "Scaling": "65.534/V",
        "Security": "",
        "Signal": "Phase Voltage B - Unit 2",
        "Variables": "phb_load_volt_rms[1]"
    },
    {
        "Address": "301",
        "Default": "",
        "EEPROM": "",
        "Range": "R(_,_,_,'%.1f V')",
        "Rate": "2000",
        "Scaling": "65.534/V",
        "Security": "",
        "Signal": "Phase Voltage C - Unit 2",
        "Variables": "phc_load_volt_rms[1]"
    },
    {
        "Address": "302",
        "Default": "",
        "EEPROM": "",
        "Range": "R(_,_,_,'%.1f V')",
        "Rate": "2000",
        "Scaling": "52.094/A",
        "Security": "",
        "Signal": "Phase Current A - Unit 2",
        "Variables": "pha_load_crnt_rms[1]"
    },
    {
        "Address": "303",
        "Default": "",
        "EEPROM": "",
        "Range": "R(_,_,_,'%.1f V')",
        "Rate": "2000",
        "Scaling": "52.094/A",
        "Security": "",
        "Signal": "Phase Current B - Unit 2",
        "Variables": "phb_load_crnt_rms[1]"
    },
    {
        "Address": "Inverter Side AC Status In Standalone Mode",
        "Default": "",
        "EEPROM": "",
        "Range": "",
        "Rate": "",
        "Scaling": "",
        "Security": "",
        "Signal": "",
        "Variables": ""
    },
    {
        "Address": "304",
        "Default": "",
        "EEPROM": "",
        "Range": "R(_,_,_,'%.1f V')",
        "Rate": "2000",
        "Scaling": "52.094/A",
        "Security": "",
        "Signal": "Phase Current C - Unit 2",
        "Variables": "phc_load_crnt_rms[1]"
    },
    {
        "Address": "305",
        "Default": "",
        "EEPROM": "",
        "Range": "R(_,_,_,'%.1f V')",
        "Rate": "2000",
        "Scaling": "218.44/KW",
        "Security": "",
        "Signal": "Total Power - Unit 2",
        "Variables": "act_total_load_pwr_out[1]"
    }
]
